bank,correlation
a b e coop bank,
abhinandan urban coop bank,
abhinandan urban coop bank amravati,0.9967065924936095
abhivriddhi mahila sahakara bank niyamita,
abhyudaya,0.959967510742903
abhyudaya cooperative bank,
abhyudaya mahila urban coop bank ltd channapatna,
ace coop bank,
ace cooperative bank,0.9730555031870539
adarniya p d patil sah,
adarniya p d patilsaheb sahakari bank ltd karad,0.9796440240493623
adarsh cooperative bank,
adarsh cooperative bank rajasthan,0.9233972195872175
adarsh mahila mercantile cooperative bank,
adhyapaka urban coop bank,
adinath coop bank,
adv shamraoji shinde satyashodhak sahakar bank,
agartala co operative urban,
agra zila sahkari bank,0.9999999999999999
agroha coop bank,
agroha cooperative urban bank,0.972407698604643
ahmedabad district,0.9884058979159961
ahmedabad district coop bank,
ahmedabad mercantile coop bank,
ahmednagar merchants coop bank,0.9913177916469744
ahmednagar shahar sahakari bank,
ahmednagar shahar sahakari bank maryadit,0.9950053197795002
ahmednagar zilla prathmik shikshak sahakari bank l,
airtel,0.9007066550503244
airtel payments,0.9522030702354969
ajmer central cooperative bank,
akhand anand coop bank,0.9752758323769801
akola urban coop bank,
alavi co operative bank,0.9921555020907649
alavi coop bank,
alibag co op urban bank ltd alibag,
aligarh zila sahakari bank,
almora urban cooperative bank,0.9979205448486271
alwayeurbancoopbankltd,
aman sahakari bank,0.9943616279026056
aman sahakari bank ltd ichalkaranji,
amarnath coop bank,
amazon,-0.4934048865942628
ambajogai peoples co op bank,
ambajogai peoples cooperative bank,0.9857182800687406
ambarnath jai hind co operative bank,0.9959427867379081
ambarnath jai hind coop bank,
amica payments services private,0.9979718183350016
amravati merchant coop bank,
amravati zilla mahila sahakari bank,
amreli jilla madhyastha sahakari bank,0.9428141669587948
amreli nagrik sahakari bank,0.9764517020463246
anand mercantile coop,
anand nagari sahakari bank ltd nagpur,
anandeshwari nagarik sahakari bank maryaditujjain,
andaman and nicobar state cooperative bank,
andhra pradesh grameena vikas,
andhra pradesh grameena vikas bank imps,0.9979933579271753
andhra pragathi grameena,0.994992456600379
annasaheb chougule urban coop bank,0.9900573667183814
annasaheb magar sahakari bank maryadit bhosari,
anuradha urban coop bank ltd chikhil,
apna sahakari bank,0.9475355420767283
appasaheb birnale sahakari bank,
appasaheb birnale sahakari bank ltd dudhgaon,0.9896010362326818
appnit technologies private,-0.1297949571889248
apstate cooperative bank,
army base ws credit coop primary bank,0.954747275225036
arunachal pradesh rural,0.9965248500038089
arunachal pradesh state cooperative apex bank,
arvind sahakari bank,0.7697601139162493
aryavart,0.9869635556845128
ashok sahakari bank,
assam gramin vikash,0.9966719063601721
associate coop bank,0.9910006041699378
astha mahila nagrik sahakari bank maryadit,0.9225556518125009
astha mahila nagrik sahkari bk,
au small finance,0.9938819496135202
au small finance bank credit card,0.8865338812916201
aurangabad dist central co,
australia and newzealand banking group,
axis,0.9835820097805964
axis bank,
azad urban cooperative bank,0.3922670133431185
bajaj finance,-0.08935188702360414
bajirao appa sahakari bank ltdankalkhop,
balageria central co operative bank,
balancehero india private,0.9902428397475102
balasinor nagrik sahakari bank,0.8709469956295094
balitikuri cooperative bank,0.9957798289420856
bally,
banaskantha mercantile coop bank ltd palanpur,
banda district cooperative bank,
banda urban coop bank,
bandhan,0.9965868776348541
bandhan bank,
bangiya gramin vikash,0.9889071329578059
bank of america,0.9999767007615076
bank of bahrain kuwait bsc,
bank of baroda,0.9991437027226853
bank of ceylon boc,
bank of india,0.9964996438352214
bank of maharashtra,0.9794390634816389
bankura district central cooperative bank,
bantra coop bank,
baramulla central cooperative bank,
baran kendriya sahakari bank,
barclays bank plc,
baroda central coop bank,0.45369401146460203
baroda city coop bank,
baroda guj gramin bank,
baroda gujarat gramin,0.9962880973589684
baroda rajasthan kshetriya gramin,0.990242663355612
baroda up,0.9987478674433287
baroda up erstwhile baroda uttar pradesh gramin,0.9958427063064592
basoda nagrik sahkari bank,0.9460141989030991
bassein catholic coop bank,
bassein catholic cooperative bank,0.9889946043217229
belagavi shree basaveshwar coop bank,
belgaum dccb,
belgaum zilla rani channamma mahila sahakari,
bellad bagewadi urban souharada sahakari bank nyt,0.9874124179691418
belladbegewadi urban souhard sahakari,
belur urban cooperative bank,
betul nagrik sahakari bank mydt,0.9186679310796609
bhadradri coop urban bank,
bhadradri cooperative urban bank,0.9888890649984141
bhagini nivedita sahakari,
bhagini nivedita sahakari bank ltd pune,0.9835838478831916
bharat heavy electricals employees coop bank,
bharathiya sahakara bank niyamitha,
bharati sahakari bank,
bhausaheb birajdar nagri sahakari,
bhausaheb birajdar urban cooperative bank ltd omerga,0.9772949994837186
bhausaheb sahakari bank ltd udgir,0.9909798044495819
bhavani urban co op bank ltd georai dist beed,
bhavani urban cooperative bank ltd georai,0.9885519598327034
bhavna rishi co operative urban bank,0.9930753967176886
bhavnagar district co operative bank,0.8480338478465053
bhilai nagrik sahakari bank ltd maryadit,
bhind nagrik sahakari bank maryadit bhind,
bhingar urban co op bank,
bhingar urban cooperative bank,0.37210853317885373
bhopal coop central,
bhuj mercantile coop bank,
bicholim urban coop,
bilagi pattan sahakari bank niyamit,
bilaspur nagrik sahakari bank,
birbhum district central cooperative bank,
birdeo sahakari bank,
bnp paribas bnp,
bombay mercantile co operative bank,0.9966153424147413
bombay mercantile coop bank lt,
brahmadeodada mane sah bk,
brahmadeodada mane sahakari bank ltd solapur,0.9614543732264091
brahmapuri urban coop bank,
budaun zila sahkari bank,
business coop bank,
calicut co op urban bank,
canara,0.9958309207324618
canara bank credit card,-0.08183597759620842
capital small finance,
capital small finance bank,0.9883068351186165
central bank of india,0.9977909128326303
central co operative bank,
cg rajya sahakari bank,
chaitanya godavari grameena,0.992583398237218
chaitanya mahila sahakari bank ltd vijayapur,0.9880222992571084
chamoli zila sahakari bank,
chartered sahakari bank niyamitha,-0.8475476818592603
chattisgarh rajya gramin,0.9967459297637095
chennai central coop bank,
chhani nagarik sahakari bank,
chhattisgarh rajya sahakari bank mydt,0.642550163709261
chikmagalur pattana sahakara bank niyamitha,
chitnavispura coop bank,
chittorgarh urban co operative bank,0.9127706696025291
chittorgarh urban coop bank,
churu zila urban co operative,
citi,
citibank corporate,0.6347823640954718
citizen co op,
citizen cooperative bank,0.9950729771178108
citizen cooperative bank ltd noida,0.9830041818896617
citizen credit coopbank,
citizen credit cooperative bank,0.9960000096719631
citizen urban,
citizens urban co operative,
city co operative bank,
city union,0.9814664413970589
city union bank,
coastal area local,0.9950128338313524
coastal local area bank,
col rd nikam sainik sahakari bank,
commercial coop,
commercial coop bank,1.0
contai,
contai cooperative bank,0.9928491782637631
coop bank of baroda,
credit agricole corporate and investment,
csb,0.9656152269035083
cuddalore district central coop,0.9988185529931104
cuttack central cooperative bank,
dadasaheb ramroa patil cooperative bank,
dahanu road janata coop bank,
dahod urban cooperative bank,0.7181841416483851
daivadnya sahakara bank niyamit,0.986419076505931
daivadnya sahakara bank niyamit karnataka,
dakshin bihar gramin,0.9968545366498068
dakshin bihar gramin erstwhile madhya bihar gramin,0.9863197914130399
dakshin dinajpur district central,
dapoli urban coop bank ltd dapoli,
darjeeling district central cooperative bank,
darussalam cooperative urban bank,0.995916971221081
dattatray maharaj kalambe jaoli sahakari bank,0.4811143049021243
daund urban co operative bank ltd daund,
davanagere district central cooperative bank,
dbs bank india,0.9395924374246982
dcb,0.9879112481198895
dcb bank,0.9862757058381503
deccan merchants coopbank ltddmc,
deendayal nagri sahakari bank,0.9876110666256065
delhi nagrik sah bank,
delhi state coop bank,
deogiri nagari sahakari,0.991379628823795
deutsche,0.9996190806952905
deutsche bank,0.34599001924954687
development co operative bank ltd kanpur,0.9696158763941443
devika urban cooperative bank,
dhakuria co op bank,
dhanalakshmi,0.9971439838956523
dhanalakshmi bank,
dhanera mercantile coop bank,0.9690898966522048
dhanera mercantile cooperative bank,
dharmapuri district central coop bank,0.9994234876530329
dharmavir sambhaji urban cooperative bank,
dhule and nandurbar jilha sarkari nokaranchi,
dhule vikas shakari bank,0.9860750108592629
dilip urban cooperative bank,0.9952902815105967
dindigul central coop bank,
dindigul district central,0.9980065358561924
district co operative bank ltd faizabad,
district co operative bank ltd raebareli,
district coop bank ltd sharanpur,
district cooperative bank,
district cooperative bank ltd barabanki,
district cooperative bank ltd pratapgarh,
district cooperative bank ltd sitapur,
district cooperative central bank vishakhapatnam,
doha bank qsc,
dombivli nagari sahakari bank ltddsb,
dombivli nagarik sahakari,0.9948249562092158
dr ambedkar nagrik sahakari,
dr appasaheb urf sa re patil jaysingpur udgaon sahakari bank ltd jaysingpur,0.9952379921752007
dr panjabrao deshmukh urban cooperative bank,
drappasaheburfsarepatiljaysingpurudgaonbankltd,
drbabasaheb ambedkar bank,
dreampurse technologies pvt,0.9997860614707041
drjaiprakash mundada urban coop bank,
durgapur steel peoples co op bank,0.22103138710461498
dwarakadas mantri nagari sahakari bank,
ebix payment services private,0.3193994196674643
electronic payment services pvt,
ellaquai dehati,
emirates nbd,
equitas small finance,0.7688497234807312
eroute technologies private,0.6557593865234701
esaf small finance,
esaf small finance bank,0.9988161212052611
etah district co operative,
etawah district co operative bank,
federal,0.9686606856754831
federal bank,
feroke co op urban bank,
fincare small finance,0.4421105082459762
fincare small finance bank,
fingrowth cooperative bank,-0.40041426957644893
fino payment,-0.34007850972630743
fino payments bank limited fip,0.9494143867295994
firozabad zila sahakari bank ltd firozabad,
g p parsik sahakari bank,0.9910705539189105
gadchiroli district central coop bank,0.7093789830061545
gadhinglaj urban coop bank,
gandevi peoples,
gandhibagh sahakari bank,
ganesh sahakari ban,
ganraj nagari sahakari bank ltd beed,
garagepreneurs internet private limited slice,0.8968056490388585
gautam sahakari bank,0.957221062183638
gautam sahakari bank ltd gautamnagar,
general post office,
george town cooperative bank,
gipl slice,1.0
goa state co op,
goa urban co op,
godavari laxmi coop bank ltd jalgaon,
godavari urban coop bank,
godavari urban cooperative bank,
godavari urban cooperative bank ltd nashik,0.9549782862863881
gondal nagarik sahakari bank,
gondia district central co op bank ltd gondia,
gp parsik sahakari,
grain merchants coop,
greater bombay coopbank,
guardian souharda sahakari bank niyamita,0.968894103881547
gujarat ambuja cooperative bank,0.9862477361026256
gujarat mercantile coop bank,
gujarat state coop bank,0.5193781303022265
gulbarga yadgir dist coop central,
gulshan mercantile urban cooperative bank,
guna nagarik sahakari bank maryaditguna,
hadagali urban cooperative bank limited hadagali,0.9820183985421497
hamirpur district co operative bank ltd mahoba,
hanamasagar urban co operative bank,
haveli sahakari bank maryadit moshi,-0.01445262354826856
hdfc,0.983525698280871
hdfc bank,
himachal pradesh gramin,0.9985567226537035
himatnagar nagarik sahakari bank,0.9651001790721144
hindon mercantile,0.917928424020989
hisar centralcooperative bank,
hitachi payment service private,
hooghly district central cooperative bank,0.9586629058458492
hsbc,0.967283143080573
hutatma sahakari bank ltd walwa,0.9882371884369879
icici,0.5093294673394169
icici bank pockets ipp,0.8541314278922472
icici banking corporation,
idbi,0.9258857237493333
idbi bank,
idfc,0.9845342251284112
idfc bank credit card,0.7991901308048013
idfc first,
idfc first bank,0.9929918043912842
idfc first bank ppi,
ilkal cooperative bank,0.8840302418606494
imperial urban cooperative bank ltd faziabad,
indapur urban coop bank,
india post payments,0.9993792065974452
indian,0.9958247408134923
indian bank credit card,1.0
indian overseas,0.997525810808152
indira mahila sahakari bank ltd malegaon,
indira mahila sahakari bank ltd nandurbar,
indira mahilanagari sahakari bank ltd latur,
indore cloth market co operative bank,0.9127697234591917
indore cloth market coop,
indore paraspar sahakari,
indore paraspar sahakari bank ltd indore,0.9785496883258945
indore premier co operative bank,0.7444320238552105
indore premier coop,
indraprastha seh bank,0.9877808312577445
indrayani cooperative bank,0.9757489253266098
indrayani cooperative bank ltd pimpri,
indus ind bank,
indusind,0.9475902951712744
integral urban coop bank,0.9950230173411527
integral urban cooperative bank,
irinjalakkuda town coop bank,
irinjalakuda town cooperative bank,0.9889378242615864
jagruti cooperative urban bank,
jai kalimata mahila urban coop bank,
jai tuljabhavani urban coop bank ltd osmanabad,
jaihind urban coop bank ltd wakad,
jain coop bank,
jain sahakari bank ltdjnb,
jalaun district cooperative bank,
jalgaon janata sahakari bank ltd jalgaon,0.9868175336430148
jalgaon janta sahakari bank,
jalgaon peoples coop bank,0.9894701111878141
jalna merchants coop bank ltd jalna,0.9680285710721057
jalna merchants coopertaive bank,
jalore central,
jalore nagrik sahakari bank,0.9799019344362361
jamia coop bank,
jamia cooperative bank,0.994424509035669
jammu and kashmir bank ltd jkb,
jammu and kashmir gramin,0.9870472238232723
jammu central coop bank,
jamnagar district coop bank,1.0
jamnagar peoples co op bank,
jampeta co operative urban bank,0.994409368498149
jamshedpur urban cooperative bank,
jana small finance,
jana small finance bank,0.8911869617601701
janakalyan sahakari bank,0.26142144846818605
janakalyan urban co operative bank ltd kallam,
janaseva sahakari bank borivali,
janata co operative bank,-0.31976074792663134
janata coop,
janata sahakari,0.990385511420172
janata sahakari bank,0.9852300402285302
janata sahakari bank ltd ajara,0.9923275785065073
janata sahakari bank ltd amravati,
janata sahakari bank ltd gondia,
janata sahakari bank ltdpune,
janata urban coop bank ltd wai,
janatha seva co operative bank,0.98088203719586
janatha seva coop bank,
jankalyan cooperative bank,
jankalyan urban cooperative maryadit kallam,0.975373888794766
janlaxmi coop,
janseva coop bank,
jansewa urban coop bank,
jath urban cooperative bank ltd jath,
jawahar sahakari bank,
jhalawar kendriya sahkari bank,
jhalawar nagrik sahkari bank,
jharkhand rajya gramin,
jharkhand rajya gramin erstwhile vananchal gramin,0.9940426905204185
jharkhand state,
jharneshwer nagrik sahkari bnk,
jhunjhunu kendriya sahakari bank,
jijamata mahila nagari sahakari bank maryadit,
jijamata mahila sahakari bank,0.9873410596941918
jijamata mahila sahakari bank ltd pune,
jijau commercial co op bank ltd amravati,
jila sahakari bank maryadit datia,
jila sahakari kendriya,
jila sahakari kendriya bank maryadit,0.6954306115684191
jila sahakari kendriya bank maryadit balaghat,
jila sahakari kendriya bank maryadit hoshangabad,
jila sahakari kendriya bank maryadit panna,0.35938609680775974
jila sahakari kendriya bank maryadit seoni,0.30961071626898423
jila sahakari kendriya bank maryadit sidhi,-0.8809782206518738
jila sahakari kendriya bank maryadit tikamgarh,
jila sahakari kendriya bank maryaditdamoh,-1.0
jila sahakari kendriya bank maryaditjhabua,
jila sahakari kendriya bank mydt durg,0.6636080656436345
jila sahakari kendriya bank mydt satna,-1.0
jila sahakari kendriya bank mydtvidisha jvu,0.9845467518642665
jila sahakri kendriya bank maryadit bhind,-1.0
jila sahkari kendriya bank maryadit khargone,0.9582510407775707
jio payments bank,0.9614849040773292
jivaji sahakari bank ltd ichalkaranji,
jivan commercial cooperative bank,0.9614302853617478
jivan commlcoop bank,
jodhpur nagrik sahakari bank,-0.47602835034985125
jogindra central cooperative bank,0.9824025178763329
jowai cooperative urban bank,
jp morgan chase,
jugalkishor tapdiya shree mahesh urban co op,
junagarh commercial coop bank,
kadapa dist coop central,
kallappanna awade ichalkaranji janata sahkari,0.9969953161108072
kalol urban coop bank ltd kalol,
kalupur commcoop,
kalyan janata sahakari,0.9882534656786123
kalyan janata sahakari bank,
kalyansagar urban coop bank,
kamala coop bank,
kanaka mahalakshmi cooperative bank,0.9956698906138506
kanaka pattana sahakara bank niyamita,
kancheepuram central,0.9892807888755306
kangra coop bank,
kankaria maninagar nagarik sahakari bank,0.9808336755359964
kankaria maninagar sahakari,
kanyakumari district central,0.9963932603173237
karad urban coop bank,1.0
karamana cooperative urban bank,
karnataka,0.9480410987770428
karnataka bank,
karnataka gramin,0.9991739627666307
karnataka gramin erstwhile pragathi krishna gramin,0.976184718150785
karnataka mahila sahakara bank niyamitha,0.9201121989439766
karnataka state coop apex bank,
karnataka vikas grameena,0.9993052030607951
karur vysya,0.9915400539186718
karur vysya bank,
kashipur urban cooperative bank,0.921317539566722
kashmir mercantile co operative bank,0.9762958284284243
kashmir mercantile coop bank,
kavita urban coop bank ltd solapur,
kedarnath urban co op bank ltd latur,
kerala gramin,0.9986554308647421
kerala mercantile co op bank,
kerala state,
khalilabad nagar sahkari bank ltd khalilabad,
khamgaon urban coop bank,
khardah cooperativebank,0.8382603921748772
khargone nagrik sahakari bank ltd khargone,
khattri cooperative urban bank ltdkhb,
kodagu district cooperative central bank,0.9999999999999998
kohinoor sahakari bank ltd ichalkaranji,
koilkuntla cooperative bank,0.9701457439628769
kokan mercantile coopbank,0.9741426677107098
kolhapur dist central coop bank,0.9889556755425962
kolhapur district central coop,
kolhapur mahila coop bank,
kolhapur mahila sahakari bank ltd kolhapur,0.9862780356348769
konoklota mahila urban coop bank,
kota mahila nagrik sahkari bank,
kota nagrik sahkari bank,
kotak mahindra,0.995838194399291
kotak mahindra bank,
kotak mahindra bank credit card,0.3645921207291414
kottayam cooperative urban bank,0.8586003160013753
kovilpatti urban coop bank,
koyana sahakari bank ltdkarad,0.964060566284318
koylanchal urban coop bank,
krishiseva urban coop bank ltdkole,
krishna bhima samruddhi local area,0.9872222210432525
krishna mercantile coop,0.8714917033798449
krishna pattana sahakar,
krishna sahakari bank ltd rethare bk,
krishna sahakari ltd rethare,0.9928567231439831
krishna urban co operative bank ltd kaij,
kurla nagrik sahakari bank,
kurmanchal nagar sahkari bank,
kutch mercantile coop bank ltd kutch,
kuttiady coop urban,
lala urban coop bank ltd narayangaon,
lala urban cooperative bank,0.9734079936855754
lalbaug cooperative bank ltd baroda,
latur district central co op bank ltd latur,
latur urban coop bank ltd latur,0.1994713292514823
laxmi bai mahila nagrik sah,
laxmi mahila nagrik sahakari,
laxmi sahakari bank niyamit guledgudd,0.9855207806636503
laxmi urban coop bank latur,0.9872911677246617
laxmi vishnu sahakari bank,
lic employees cooperative bank ltdudupi,0.8897558338366003
lic of india staff coop bank,
liluah coop,
liluah cooperative bank,0.9939757314531249
livquik technology india pvt,-0.8122761165677691
lokmangal co op bank ltd solapur,0.9937206453865557
lokmangal coop bank,
loknete dattaji patil sahakari bank ltd lasalgaon,
lokvikas nagari sahakari,
lokvikas nagari sahakari bank ltd aurangabad,0.9924154816571913
lonavala sahakari bank,0.9914672976340804
lonavala sahakari bank ltd lonavala,
luc,
ludhiana central coop bank,
m s,0.9309937987025098
madheshwari urban development coop bank,
madhya pradesh gramin,
madhya pradesh rajya sahakari bank maryadit,0.9733880788386123
madhyanchal gramin,
madura sourashtra coop,
madurai district central,0.9981516867838955
mahalakshmi,0.9966983102291842
mahanagar,0.9905193194572968
mahanagar nagrik sah,
mahanagar nagrik sahakari bank maryadit,0.9947901908998141
maharana pratap cooperative urban bank,0.9438207027563141
maharashtra godawari gramin,
maharashtra gramin,0.9942868895591844
maharashtra nagari sahakari bank maryadit latur,0.6703272638747132
maharashtra state coop bank,
mahatma fule district urban coop bank,
mahatma fule urban coop bank ltd amravati,0.9736956803001618
mahaveer cooperative urban bank,0.8933913091145685
mahesh sahakari bank,0.9925697156137625
mahesh urban,
mahesh urban coop bank ltd ahmedpur,0.9388919710092849
mahesh urban cooperative bank ltd parbhani,0.8946078480618622
mahila co operative nagrik bank ltd bharuch,
mahila cooperative ba,
mahila nagrik sahakari bank maryaditmahasamund,0.44200397782129597
mahila sahakari bank,
mahismati nagrik sahakari bank ltd mandla,
mainpuri zila sahkari bank,
makarpura industrial coop bank,
malda district central co operative,
malviya urban coop bank,
mamasaheb pawar satyavijay coop bank kundai,
mangal cooperative bank ltd mumbai,
maninagar coop bank ltdahmedabad,
manipal cooperative bank,
manipur rural,0.98569347193582
manmad urban cooperative bank ltd manmad,
manmandir cooperative bank,
mann deshi mahila sahakari bank,0.9957705393643291
mann deshi mahila sahakari bank ltdmhaswad,
manorama coop bank,
mansing cooperative bank,0.9604079439583497
manvi pattana souharda sahakari bank ni,0.9646558929660192
manwath urban co op bank,
maratha cooperative bank ltd belgaum,0.9793204241381667
markandey nagari sahakari bank,
marketyard commercial coop bank,
mashreq,
mathura zila sahkari bank,
mayuram coop urban bank,
mdpawar peoples cooperative bank,
meenachil east urban coop bank,
meghalaya rural,0.9788175186116361
mehkar urban coop bank ltd mehkar,
mehsana district central coop bank ltd mehsana,
mehsana samaj coop bank,
mehsana urban,0.9872035058957679
mehsana urban coop,
merchants co operative bank ltd tiptur,0.9375612571033969
merchants cooperative bank,
mizoram cooperative apex bank,0.9982902510149031
mizoram rural,0.9969994813529112
mizoram urban cooperative development bank,
mizuho bank,
mobilepe fintech private,0.9836543948090474
model coop bank,0.9874374286511169
mogaveera coopbank ltdmgc,
mohol urban coop bank ltd mohol,
moti urban coop bank ltd taloda dist dhule,
moti urban cooperative bank ltd taloda,0.9863058682310865
mprajya sahkari bank mydt,
mslmuslim coop bank,
mudgal urban cooperative bank,
mufg bank,
mugberia central cooperative bank,0.9760530903687137
mumbai distcentral coopbank,0.9978008051199176
murshidabad district central cooperative bank,
muzaffarnagar district cooperative bank,0.9845728448290257
mvishveshvaraya coop,
mysore zilla mahila sahakara bank niyamitha mysore,
nabagram peoples cooperative credit bank,
nadapuram coop urban,
nagaland rural,
nagar sahakari bank ltd maharajganj,
nagar sahkari bank,
nagar vikas sahkari bank ltd hardoi,
nagarik sahakari bank maryadit jagdalpur,
nagarik sahakari bank maryadit vidisha,0.8296929869795386
nagarik samabay bank,
nagaur urban cooperative bank,0.9927489936339463
nagina urban cooperative bank,
nagnath urban cooperative bank ltdhingoli,
nagpur dist cent coop bank,
nagpur nagrik sahakari bank,
nagrik sahakari,1.0
nagrik sahakari bank ltd babra,
nagrik sahakari bank maryadit shivpuri,
nagrik sahakari bank maryaditdurg,
nagrik sahakari maryadit gwalior,0.9932082764120994
nainital bank,
nainital district cooperative bank,
nalbari urban cooperative bank,
nandani sahakari bank ltd nandani,0.9944430190288673
nandurbar merchants co op bank ltdnandurbar,-0.2163250157121057
narayanaguru urban cooperative bank,
nashik zilha sarkari and parishad karmachari,
nasik distind mercantile coop,
nasik road deolali vyapari sahkari,
nasik zila mahila sahakari bank,
nasik zilha mahila vikas sahkari,
navabharat cooperative urban bank,
navanagara urban coop bank,
navanagara urban cooperative bank,0.9944138011008169
navapur mercantile cooperative bank,
navi mumbai cooperative bank,0.9795946054510001
navsarjan industrial co operative bank,0.978086326852054
navsarjan industrial coop bank,
nedumangad cooperative urban bank,
new india coopbank,0.9832886432624202
neyyattinkara coop urban bank,
nidhi co operative bank ltd nid,0.9695692011164518
nidhi cooperative bank,
nileshwar cooperative urban bank ltd nib,0.9840925147681088
nilgiris district central,0.9985940572342122
nilkanth urban coop bank,
niphad urban coop bank ltd niphad,
nirmal urban coop bank,
nishigandha sahakri bank ltd pandharpur,
nkgsb,0.9939094009096019
nkgsb coop bank,
noble cooperative bank,
north east small finance,0.9910169213573581
northern railway multi state primary coop,
northern railway primary,0.9377580681037755
nsdl,0.9582309513915696
nsdl payments,0.9551696825016561
nutan nagarik sahakari,
nutan nagarik sahakari bank,0.9884994950174232
nyayamitra sahakari bank niyamita,0.9720151202549286
obopay mobile technology india pvt,0.9814447984039104
odisha gramya,
om datta chaitanya sahakri bank ltd wai,
omerga janata sahakari bank ltd omerga,
omprakash deora peoples co operative bank,
omprakash deora peoples co operative bank ltd hingoli,0.988860131422819
one mobikwik systems,0.9269094744322212
osmanabad jan sahakari,
osmanabad janata sahakari bank,
padmavathi cooperative urban,0.9943471034971038
padra nagar nagrik sahakari bank ltd padra,
palamoor coop urban bank,
pali urban,0.9498062113870891
pali urban cooperative bank,0.31859788057611443
palus sahakari bank,0.9513588468151934
panchsheel mercoop,
pandharpur merchants co operative bank,
papanasam urban bank,
parashwanath coop,
paraspar sahakari,
parner taluka sainik sahakari bank ltd parner,
parshwanath coop bank,
paschim banga gramin,0.9960115334412128
patan cooperative bank,
patan urban coop bank,
paul merchants finance private,0.4395672350401887
pavana sahakari bank ltd pune,0.8377723508846251
paypoint india network private,0.9380598326547516
paytm,-0.0463494965218895
paytm payments bank,
payu payments private,0.28788867602456897
peoples coop bank ltd dholka,
peoples cooperative bank ltd dholka,0.9656912225651442
peoples urban coop bank,
peoples urban cooperative bank,0.9732481181000938
pilibhit district cooperative bank,
pimpalgaon merchants coop bank,
pimprichinchwad sahakari bank maryadit,
pine labs private,0.8806632410133299
pithoragarh zila sahkari bank,
pochampally cooperative urban bank,0.9973726625013786
pondy state coop,
ponnampet town cooperative bank niyamitha,
pooranwadi nagarik sahakari,
poornawdi nagrik sahakari bank,0.9739368746093934
porbandar commercial coop bank,
porbandar vibhagiya nagarik sahakari bank,
pragati mahila nagrik sahkari,
pragati sahakari bank,
prathama up gramin,0.9993135019629265
prathama up gramin erstwhile sarva up gramin,0.99333974589687
prathamik shikshak sahakari bank ltdsatara,0.9292058606177449
pravara sahakari bank,
prerana co operative bank,0.9937964942406662
prerana coop bank ltdthergaon,
prime cooperative bank,0.999724637338101
priyadarshani mahila nagari sahakari bank ltd beed,
priyadarshani nagari sahakari bank,
priyadarshani nagari sahakari bank maryadit,0.993247755712249
priyadarshani urban coop bank,0.9095139518249563
priyadarshini mahila urban sahakari bank niyamitha,
progressive mercatile coop bank,
pryadarshini urban coop bank ltd kalamb,
pudukottai district central,0.9969253178930897
puduvai bharathiar grama,0.9995745221474323
pune cantonment sahakari bank,0.9925460503316461
pune district central co op bank ltd pdcc,
pune district central cooperative bank,0.9660105924726069
pune merchants coop bank,
pune peoples co operative bank,0.9729714705821967
pune peoples coop bank ltd pune,
pune urban coop bank,0.9955002342912462
punjab and sind,0.9648489212131527
punjab gramin,0.992482112449301
punjab national,0.9925271388622194
punjab national bank credit card,0.6866414547793539
punjab state co op,
purulia central cooperative bank,
pusad urban coop bank,0.9754788835421753
quilon coop urban bank,
rahimatpur sahakari bank ltd rahimatpur,
raigad district central co op bank,
raiganj central co operative,
raigarh nagrik sahakari bank maryadit raigarh,
railway employees cooperative banking society,
railways coop,
raipur urban mer coop,
raj rajeshwari mahila nagrik sahakari bank,
rajadhani coop urban bank,0.9681562078520788
rajalaxmi urban coop bank,
rajapur urban coop bank ltd rajapur,
rajarambapu sahakari bank ltd peth,0.9945846656259024
rajarambapu sahkari bank,
rajarshi shahu govt servants coop bank ltd kolhap,
rajarshi shahu sahakari bank,0.9724401264555785
rajasthan marudhara gramin,0.9988886634731685
rajdhani nagar sahkari bank,
raje vikramsinh ghatage cooperative bank ltdkagal,0.9689661702469237
rajgurunagar sahakari bank,0.9447631984154189
rajkot commercial,
rajkot district coop,
rajkot nagrik sahakari bank,0.9451520729935452
rajkot peoples coop,
rajkot peoples cooperative bank,0.9827898277423351
rajlaxmi urban co operative bank,0.9772418103168942
rajmata urban coop bank,1.0
rajpipla nagrik sahakari bank ltd rajpipla,
rajsamand urban cooperative bank,
ramanagaram urban,
ramanathapuram district central,0.9841382105056193
rampur zila sahkari bank,0.9944565569756423
ramrajya sahakari bank,0.9685882975122768
ranaghat peoples co operative bank,
rander peoples coop,
rani channamma mahila sahakari bank niyamit belagavi,0.20538550958928764
rani laxmibai urban coop bank,
raniganj co operative,
rapipay fintech private,0.9926372606850058
ratanchand shaha sahakari bank ltd mangalwedha,
ratnagiri dist central coop bank,
ratnagiri urban co op bank,
rbl,0.9731352256066342
rbl bank,
rendal sahakari bank ltd rendal,
renuka nagrik sahakari bank maryadit ambikapur,
reserve bank employees,0.9662906814541257
reserve bank of india,
reserve employees coop,
revolut payments india private,
ropar central co operative,
rukmini sahakari bank ltd pandharpur,
s s l s a kurundwad urban bank,0.9871691596426551
sadalga urban souharda sahakari bank niyamit,0.9635927172376669
sadbhav nagarik sahakari bank mydt,
sadguru gahininath urban coop bank,
sadguru nagrik sah,
sadhana sahakari bank,0.9564183526749281
sadhana sahakari ltd yes,0.9290711477052886
sahakarmaharshi bhausaheb thorat amrutvahinisahakari bank sts,0.9945865984532427
sahyadri mahila urban coop bank,
sahyadri sahbank,
sahyog urban coop bank,
sai sanjivani co operative bank ltd kopargaon,
saibaba nagari sahakari bank maryadit sailu,0.989934775890912
salem district central,0.9930710794073025
salur coop urban bank,
samarth sahakari bank ltd solapur,0.9961737277509458
samarth sahakari bank maryadit jalna,0.9606423016409095
samarth urban coop bank ltd osmanabad,
samata co operative development bank,0.9688646033171235
samata sahakari bank,0.9946056655844058
sampada sahakari bank ltd pune,0.2409233735750333
samruddhi cooperative bank ltd nagpur,0.9336356396888337
samta sahakari bank ltd dewas,
sanawad nagrik sahakari bank maryaditsanawad,
sandur pattana souharda sahakari bank niyamitha,
sangli district central cooperative bank,-0.11472853887638343
sangli urban coop bank,
sangola urban cooperative bank,
sankheda nagarik saha bank,
sanmitra mahila nagari sahakari,
sanmitra mahila nagari sahakari bank maryadit chandrapur,0.9779020752625692
sanmitra urban co operative bank ltd akola,
sant sopankaka sahakari bank,0.9980515987298756
sant sopankaka sahakari bank ltd saswad,
santragachi co operative bank,
saptagiri grameena,0.998546056636056
sarakari naukarara sahakari bank niyamat vijayapur,0.8556813056772139
sarakari naukarara sahakari bank niyamit,
saraspur nagrik coop bank,0.7410403120452365
saraswat,0.992334582887615
saraswat cooperative bank credit card,-0.16993273021409402
sardar singh nagrik sahkari bank maryadit,0.7851777231690839
sardar vallabhai co ban,
sardar vallabhbhai sahakari bank,0.7306198960203485
sardargunj mer co op bank ltd patan,1.0
sarva haryana gramin,0.9984241034303383
sarvodaya commercial coop bank,0.9832432895932841
sarvodaya commercial cooperative bank,
satara district central coop bank,
saurashtra gramin,
saurashtra gramin bankimps,0.9882321923808901
sawai madhopur urban co operative bank,
sbi cards and payment services,0.9473746805986702
sbm,0.888047049706046
sbm bank india,0.7968298078673324
sbpp,0.9845356470494816
sbpp cooperative bank ltd killa pardi,
scdcc,
sehore nagrik sahakari bank ltd sehore,
seven hills cooperative urban,
shajapur nagrik sahakari bank maryadit shajapur,
shankar nagari sahakari bank ltd nanded,
sharad nagari sahakari,
sharad sahakari bank,0.9843855327009812
sharad sahakari bank ltd manchar,
sharmik nagrik sahakari,
shiggaon urban cooperative bank,
shikshak sahakari bank,
shinhan,0.898368539921251
shirpur peoples coop,
shiva sahakari bank niyamita,1.0
shiva sahakari bank niyamitha tarikere,
shivaji nagari sahakari bank,
shivalik mercantile cooperative bank,
shivalik small finance,0.7966144006240274
shivalik small finance bank limited acquirer,
shivdaulat sahakari bank ltd satara,
shivneri sahakari bank ltd koregaon,
shivshakti urban coop bank,
shmshri mahalaxmi coop bank,
shramik nagrik sahkari bank,0.9196859174517248
shree balaji urban cooprative bank,0.9569917641097788
shree basaveshwar urban cooperative bank ltd raneb,
shree bhailalbhai contractor smarak co op bank,
shree bharat cooperative bank,0.9871921721769354
shree bhav nag sah,
shree botad mercantile cooperative bank,
shree coop bank,
shree dhandhuka janta sahkari bank,
shree dharti coop bank,
shree gajanan urban cooperative bank,
shree gavisiddheshwar urban cooperative bank,
shree kadi nagarik sahakari bank,0.9933534400120632
shree kadi nagrik sahkari bank ltd kadi,
shree laxmi coop bank,
shree laxmi mahila sahakari bank ltd sangli,-1.0
shree lodra nagrik sahakari bank ltd lodra,
shree mahabaleshwar cooperative bank,
shree mahalaxmi urban co operative credit bank,0.9969386025497168
shree mahavir sahakari bank,0.6444977008438378
shree mahesh coop bank,
shree mahesh cooperative bank,0.977703099694796
shree mahuva nagrik sahakari bank,0.9828042250918078
shree morbi nagrik sahakari bank,
shree murugharajendra co op bank,
shree panchganga nagari sahakari bank,0.9706484965781524
shree patneshwar urban cooperative bank,0.9187419175790209
shree samarth coop bank,
shree savarkundla nagrik sahakari bank,
shree talaja nagarik sahakari bank,
shree thyagaraja,0.9937787644637007
shree vardhaman sahakari bank,0.958788852730709
shree virpur urban co op bank,
shree vyas dhanvarsha sahakari bank ltd yaval,
shri adinath coop bank,0.9434722039332398
shri anand nagari sahakari,0.9673561717220324
shri arihant coop bank,0.9820704901399097
shri baria nagrik sahakari bank,1.0
shri basaveshwar sahakari bank nyt bagalkot,0.9749994792728043
shri bharat urban cooperative bank ltd jaysingpur,0.9958051283230783
shri bhausaheb thorat amrutvahini sahakari bank lt,
shri chatrapati shivaji maharaj sahakari bank niya,0.8432276565998539
shri chhani nagrik sahkari bank,0.9721314077214119
shri chhatrapati rajarshi shahu urban coop,
shri chhatrapati rajarshi shahu urban coop bank ltd beed,0.9708386954889054
shri d t patil co op bank,
shri d t patil cooperative bank ltd chikodi,0.9805798584025066
shri durgadevi mahila sahakari bank niyamith,0.9073788056131904
shri gajanan maharaj urban coop bank ltd bhokardan,0.9977517506055152
shri gajanan nagari sahakari bank,
shri ganesh sahakri bank ltd pune,
shri gowardhansinghi raghuvanshi sahakri bank,
shri gurusiddheshwar coop bank,
shri janata sahakari bank ltdhalol,0.8213003541451193
shri kadasiddeshwar pattan sahakari bank niyamit,
shri kanyaka nagari sahakari bank,-0.3386385580839089
shri laxmikrupa urban co operative bank ltd pune,0.9870048940894176
shri mahalaxmi cooperative bank ltd kolhapur,0.9552705534272903
shri mahant shivayogi sahakari bank,
shri mahaveer urban coop bank,
shri mahavir urban cooperative bank,0.9987485029832335
shri mahila sewa sahakari bank,0.9887709508508632
shri narsinha saraswati sahakri bank,
shri panchaganga nagri sah bank,
shri rajkot district cooperative bank,0.9105056244258697
shri rukmini sahakari bank,0.9166980212540544
shri shantappanna miraji urban coop bank,
shri sharan veereshwar sahakari bank niya nalatwad,
shri shiddeshwar co operative bank,
shri shivayogi murughendra swami urban coop bank,-0.3820099820132555
shri shiveshwar nagari sahakari bank,
shri shiveshwar nagari sahakari bank ltd basmath,0.9592182267925523
shri siddeshwar cooperative bank ltd ranebennur,
shri swami samarth sahakari bank,0.8340184880643257
shri veer pulikehi co operative bank,
shri veershaiv coop bank ltd kolhapur,
shri veershaiv cooperative bank,0.9862053486307827
shri vijay mahantesh co operative bank,
shri vinayak sahakari bank,
shri vyankatesh co op bank,
shri warana sahakari bank,-0.04395121785406497
shri yashwant sahakari bank maryadit kuditre,0.9815748413531896
shrikrishna co operative bank,
shrikrishna cooperative bank ltd umrer,0.9616960564396594
shrimant malojiraje sahakari bank ltd phaltan,
shripatrao dada sahakari bak,
shriram urban coop bank,
shriram urban cooperative bank,0.9961236345365648
shubhlaxmi mahila coop,
siddaganga urban co operative bank,
siddheshwar sahakari bank ltd latur,
siddheshwar urban coop bank maryadit sillod,0.9931466292424396
siddheshwar urban cooperative bank maryadit,
siddheswar sah,
sihor mercantile coopbank,
sihor nagarik sahakari,
sikar kendriya sahakari bank,
sikkim state co operative,0.9999381642692096
sindhudurg district central co op bank ltd sindhudurg,0.9509973322049199
sindhudurg district central coop bank,
sindhudurg sahakari bank ltd mumbai,
sir m vishweshwaraiah sahakar bank niyamitha,
sivagangai district central,0.9938761138292457
slice small finance,0.999151011187658
smart payment solutions pvt,0.8982462844084836
smriti nagrik sahakari bank maryadit,
smriti nagrik sahakari bank maryadit mandsaur,0.9917226132002358
societe generale,
solapur dcc,
solapur janata sahakari bank,
solapur siddheshwar sahakari bank,0.9908393727734583
solapur social urban coop bk,
sonali bank plc,
sonbhadra nagar sahkari bank,
sonebhadra nagar sahkari,0.993872666799536
soubhagya mahila souhardha sahakari bank niyamith,
south indian bank,
spice money,0.9978523015408964
sree charan souhardha coop bank,
sree charan souhardha cooperative bank,0.9279342041968872
sree harihareshwara urban cooperative bank,
sree mahayogi lakshmamma coop,0.9283987447933192
sree subramanyeswara co op bank,
sree thyagaraja cooperative bank,
sree tukaram cooperative bank,
sreenidhi souharda sahakari bank niyamitha,0.9787789940453753
sri ambabhavani urban co op bank,
sri basaveshwar pattana sahakari bank niya sindgi,
sri basaveshwar sahakar bank niyamita,
sri basaveshwara pattana sahakara bank niyamitha,
sri bhagwathi cooperative urban,
sri channabasavaswamy souharda sahakari bank niyam,
sri ganapathi urban co op bank,0.9784912113248896
sri ganapathi urban co operative bank,
sri ganesh co operative bank,
sri gokarnanath cooperative bank,0.9818011058245296
sri kamalambika coop urban bank,
sri kannikaparameshwari co op bank,
sri kanyakaparameshwari cooperative bank,-1.0
sri krishnarajendra coop bank,
sri lakshmi mahila sahakara bank niyamitha,
sri lakshmi narayana coop urban bank,
sri lakshminarayana cooperative bank,
sri potti sri ramulu nellore dst co op central ban,
sri rama,0.9419583955598395
sri satya sai nagrik sahakari bank mydl,
sri seetharaghava souharda sahakara bank niyamitha,0.915958718449372
sri siddarameshwara sahakara bank niyamitha,
sri sudha cooperative bank,0.015186960628088728
sri vasavamba coop bank,0.9870277614879194
sriramnagar pattana sahakara bank niyamith,
stambhadri coop urban bank,
standard chartered,0.41924634710308545
standard urban coop bank aurangabad,0.9548715266604769
state bank of india,0.9980069698300769
stcoop bank,
sterling urban cooperative bank,-0.4548984931469259
suco souharda sahakari bank,0.9479398513543577
sudha cooperative urban,0.9929241469273704
suleimani coop bank,
sumitomo mitsuianking corporation,
sundarlal savji coop,
sunderlal sawji urban coop bank ltd jintur,0.988111795580923
surat distcoop bank,
surat merccoop bank,
surat national coop bank,
surat peoples coop bank,0.9981058085877291
surendranagar district coop bankltd,
suryoday small finance,0.7890496812679076
suvarna,
suvarnayug sahakari bank,0.12977669503318529
svc co operative bank,
swarna bharathi sahakara bank niyamita,
swatantrya senani ltkurundwad urban coop bank lt,
tamil nadu grama,0.9973827857573679
tamilnad mercantile,0.9983957410046744
tamilnad mercantile bank,
tamilnadu state apex coop bk,
tamlukghatal central cooperative bank,0.6317516980627335
tarapur coop urban bank,
tavaragera pattana souharda sahakarabankniyamitha,
teachers co operative bank,0.947137823965334
tehri garhwal zila sahkari bank,
telangana grameena,0.9974921683106136
telangana state cooperative apex bank,0.9936248177986998
tellicherry cooperative urban bank,
terna nagari sahakari bank ltd osmanabad,
textile coop bank,
textile traders,0.9556806258185576
textile trders coop bank,
thane bharat sahakari bank,0.778023216733481
thane janata sahakari,0.9817842100666915
thanjavur central coop bank,
thanjavur district central,0.9955336368419249
the abhinav sahakari bank,0.857928263033168
the accountant general office employees co op,
the accountant general office employees cooperativebank,0.6999773506670578
the adarsh cooperative urban bank,0.99579565719532
the adarsha pattana souhardha sahakari,
the adilabad district co operative centralbank,
the adilabad district coop central bank,0.9920240535698499
the agrasen cooperative urban bank,0.976203447193923
the agrasen nagari sahakari bank,0.9198347897197842
the agrasen nagari sahakari bank ltd akola,
the ahmednagar district central coop bank,0.7737246219338425
the ajara urban coop bank ltd ajara,
the akki alur urban cooperative bank,
the akola district central coop bank ltd akola,
the akola district central coopbank,0.9764391658802194
the akola janata commercial cooperative bank,0.9896628124517464
the akola janta comm coop,
the alleppey urban cooperative bank,
the alnavar urban cooperative bank,1.0
the alwar central cooperative bank,0.9999999999999998
the amalner coop urban bank,
the ambala central cooperative bank,-0.9366527013395822
the ambika mahila sahakari bank,
the ambika mahila sahakari bank ltd ahmednagar,0.9855682611998852
the amod nagrik coop bank,
the amravati zilla parishad shikshak sahakari,0.7562739727795498
the amritsar central coop bank,
the anantapur district co operative central bank l,
the anantnag central cooperative bank,1.0
the andhra pradesh state cooperative bank,0.9959320704916679
the andhra pragathi grameena bank,
the angul united central co operative bank,
the annasaheb savant coop urban bank mahad,0.5293961700823927
the ap mahesh coop urban,
the ap mahesh cooperative urban bank,0.9855604899948666
the ap rajarajeswari mahila co op urban bank,0.9820267515414016
the arsikere urban,
the aryapuram co operative urban bank,
the ashta peoples coop bank,
the ashta peoples coop bank ltd ashta,0.9835857456623632
the aska co operative central,
the assam coop apex bank,
the azad co operative bank,
the azad coop bank ltd gadag,0.9467237916878141
the babasaheb deshmukh sahakari bank,0.9450768120558034
the badagara coop urban,
the bagalkot cooperative bank,
the bagalkot district central co operative bank lt,
the baghat urban coop bank,1.0
the bailhongal urban cooperative bank,
the balasore bhadrak central coop bank,
the balasore co op urban bank,
the balotra urban co op bank,
the balusseri coop urban,
the balusseri cooperative urban bank ltd noll,0.9767628694527324
the banaskantha district central coop bank,0.9381899132599868
the banaskantha mercantile cooperative bank,0.9512569711435199
the bangalore city,0.9980587017557605
the bangalore city coop bank,
the bankura town cooperative bank,
the bapuji co operative bank,
the bapunagar mahila coop bank,
the baramati sahakari,0.9928900814197208
the baramati sahakari bank,
the barmer central coop bank,
the baroda city co operative bank,0.9815523040714601
the bavla nagrik sahakari,0.8700962987912692
the bechraji nagarik sahakari bank,
the begusarai central cooperative bank,
the belgaum industrial coop,
the bellary dist cooperative central bank,0.9596407278858505
the bellary district co op central bank,
the berhampore coop central bank,
the berhampur coop urban bank,
the bhabhar vibhag nagrik sahakari bank,0.9999999999999998
the bhadgaon peoples coop bank,
the bhadran peoples co op bank ltd bhadran,
the bhagalpur central coopertative,
the bhagyalakshmi mahila sahakari bank,0.9864681704472751
the bhagyalakshmi mahila sahakari bank ltd nanded,
the bhagyoday coop bank,
the bhagyodaya cooperative bank,0.9764182825242107
the bhandara dist central co operative bank,0.9999999999999999
the bharat co operative bank mumbai,0.996990316649058
the bharat coop bank mumbai,
the bharath coop,
the bharatpur central cooperative bank,
the bharatpur urban cooperative bank,
the bharuch district central coop bank,0.7081696726046411
the bhiwani central coop bank,
the bhuj commercial coop bank,0.5326463504254731
the bhuj mercentile coop bank,0.9878152392254614
the bhupathi raju coop credit bank,
the bicholim urban cooperative bank,0.9549185947106728
the bihar awami cooperative bank,
the bihar state cooperative bank,
the bijapur mahalaxmi urban co op,
the bijnor urban cooperative bank,
the bishnupur town,
the bkomarapalayam coop urban bank,
the bodeli urban co op bank ltd bodeli,
the boudh cooperative central bank,
the buldana district central co op bank ltdbuldan,
the burdwan central co op bank,0.7719352288150801
the business co operative bank,0.9697078974469764
the cardamom merchants cooperative bank,
the central co operative bank,0.4261604838115193
the central cooperative bank ltd bikaner,-1.0
the chamba urban cooperative bank,0.9955174065934321
the chanasma commercial cooperative bank,
the chanasma nagrik sahakari bank,
the chandgad urban coop bank,
the chandigarh state coop bank,0.9431646813088949
the chandrapur districtcentral coop bank,
the chandwad merchants co op bank,
the chandwad merchants cooperative bank,0.9762167922142995
the changanacherry coop urban bank,
the charada nagarik sahakari bank ltd charada,
the chembur nagrik sahakari bank,0.3716916942425942
the chennai central cooperative bank,0.994679407380657
the cherplacheri urban cooperative bank,
the chhapi nagrik sahakri bank,
the chikhli urban coop,
the chikhli urban coop bank,0.997051656439814
the chikmagalur district central coop bank,1.0
the chikmagalur district co op central bank,
the chiplun urban co op bank ltdchiplun,
the chiplun urban cooperative bank,0.985808350342923
the chitnavispura sahakari bank,0.9625352187496004
the chitradurga district cooperative central,
the chittoor district coop central bank,0.998216752378596
the chittorgarh kendriya sahakari bank,
the chopda peoples coop bank ltdchopda,
the churu central cooperative bank,
the citizens coop bank ltd jammu,
the city cooperative bank,0.9934069413905551
the co operative urban bank ltd kottarakara,
the coastal urban coop bank,
the coastal urban cooperative bank ltd kollam,0.9448854019690025
the coimbatore city cooperative bank,
the coimbatore dist central coop bank,
the coimbatore district central coop,0.9975430635712774
the commercial co operative bank ltd kolhapur,0.9925859334743556
the commercial cooperative bank,0.9623333674569801
the coop bank of mehsana,0.9963429621922985
the coop bank of rajkot naranpura,
the cooperative bank of rajkot,0.9892677415436864
the cooperative city bank,
the cosmos coop bank,
the cosmos cooperative bank,-0.4315688718717785
the cuddalore district central coop bank,
the dahod mercantile co operative bank,
the dahod mercantile coop bank,0.9924355686336922
the dausa kendriya sahakari bank,
the davangere harihar urban sahakara bank niyamith,0.41114197284389115
the davangere urban co op bank,0.9887572886322143
the davangere urban co operative bank,
the deccan cooperative urban bank,
the dhanbad central coop bank,
the dharmaj peoples co op bank,
the dhinoj nagrik sahkari bank,
the dhrangadhra peoples cooperative bank,
the dhule and nandurbar district central coop,
the dindigul urban coop bank,
the dist coop central bank mahabubnagar,
the district central co op bank ltd khammam,0.9629637564520148
the district co op central bank ltd kakinada,
the district co op central bank ltd kurnool,
the district co op central bank ltd srikakulam,
the district co op central bank ltd vizianagaram,
the district cooperative central bank,0.9949389765318818
the district cooperative central bank ltdmedak,0.9954126397605985
the eastern railway employees coop bank,
the eenadu coopurban bank,0.99471491673588
the eluri coop urban,
the eluru cooperative urban bank,0.9289819494109017
the erode dist central coop bank,
the erode district central cooperative bank,0.9909844077669556
the excellent coopbank,
the faridabad central co op bank,
the faridkot central co operative bank,
the farrukhabad district co operative bank,
the fatehabad central cooperative bank,
the fatehgarh sahib central cooperative bank,
the ferozepur central coop bank,
the financial co operative bank,0.9431917544402397
the financial coop bank,
the gadchiroli nagari sahakari bank maryadit gadch,
the gandevi peoples co operative bank,0.9848345083738004
the gandhi coop urban bank,
the gandhi gunj cooperative bank,-0.037328455288605164
the gandhidham co operative bank,0.9695201722826688
the gandhidham coop bank,
the gandhidham mercantile coop bank,0.9998186841790894
the gandhinagar nagarik coop bank,0.7463661298143276
the gandhinagar urban coop bank,0.9964949943349916
the ganga mercantile urban coop bank,
the ganganagar kendriya sahakari,
the gauhati coop,
the gayatri coop urban bank,
the gayatri cooperative urban bank,0.994068050295917
the ghatal peoples cooperative bank,
the ghoti merchants co op bank ltdghoti,
the godhra city cooperative bank ltd godhra,0.9965590902799263
the godhra urban cooperative bank,0.8440027724674269
the gokak urban cooperative credit bank,
the gokarananath cooperative bank,
the gopalganj central co op bank,
the gozaria nagrik sahakari bank,
the graduates cooperative bank,
the greater bombay,0.9969206489747411
the gudivada co operative urban bank,
the gudiyattam coop urban,
the guntur coop urban bank,
the guntur cooperative urban bank,0.9912050378416312
the guntur district coop central bank,
the gurdaspur central coop,
the guruvayur coopurban bank,
the halol urban coop bank,0.9999999999999998
the hansot nagarik sahakari bank,
the hanumangarh kendriya sahakari bank,
the harij nagarik sahakari bank ltd harij,
the haryana state co op apex,
the haryana state cooperative apex bank,0.9995685408306191
the hasti coop bank,0.9776385786436947
the haveri urban,
the himachal pradesh state coop,
the hindustan shipyard staff co op bank,
the hindusthan coop bank,
the hongkong and shanghai banking corporation limi,
the hooghly cooperative credit bank,
the hoshiapur central coop bank,
the hospet cooperative city bank,
the hukkeri urban cooperative bank,
the hyddist central coop bank,
the hyderabad district cooperative bank ltd hdd,0.9921191407849261
the ichalkaranji merchants coop bank,
the idar nagarik sahakari bank,1.0
the idar nagrik sahakari,0.9811998283476844
the imphal urban co opeerative bank,
the industrial cooperative bank,
the innespeta coopurban bank,
the islampur urban cooperative bank,
the jagruti coop bank,
the jaipur central coop bank,-1.0
the jaisalmer central coopertiave bank,
the jalandhar central,
the jalgaon district central coop bank,
the jalna district central cooperative bank,
the jalna peoples co op bank,
the jambusar peoples coop bank,
the jamkhandi urban cooperative bank,0.9850938141473796
the jammu and kashmir state co operative bank,
the jammu kashmir,0.990888758347517
the jamnagar mahila sahakari,
the janata co operative bank ltd godhra,
the janata cooperative bank ltdjcb,
the janata sahakari bank ltd yeola,
the jawhar urban coop bank,
the jhajjar central cooperative bank,
the junagadh commercial cooperative bank,0.9865424262781489
the junagarh jilla shakari bank,0.8855172395865823
the kaduthuruthy urban co operative bank,
the kaira district coop bank,
the kaithal central coop,
the kakatiya cooperative urban bank,0.9937890391627316
the kakinada coop town bank,
the kakinada cooperative town bank,0.9928814536763089
the kalna town credit co operative,
the kalol nagarik sahakari bank,1.0
the kalupur commercial coop bank,0.9938069698354948
the kalwan merchants co op bank ltd kalwan,
the kalyan cooperative bank,
the kanakamahalakshmi,
the kanara district central cooperative bank,0.6071657415756225
the kangra cooperative bank,0.9913257259048626
the kanyakumari district central coop bank,
the kapadwanj peoples co op bank ltdkapadwanj,
the kapurthala central co operative bank,
the karad urban coop bank,0.9664026225073461
the karim nagar co operative urban bank,
the karimnagar dist coop central,
the karjan nagrik sahakari bank ltd karjan,
the karnataka central cooperative bank ltd dharwad,
the karnavati co operative bank,0.9869280579875858
the karnavati coop bank,
the karunagappally taluk urban coop bank,
the kasargod cooperative town bank,
the kattappana urban coop bank,
the kendrapara urban cooperative bank,
the keonjhar central,
the kerala state cooperative bank,0.9898348995689233
the khambhat nagarik sahakari bank,
the khanapur cooperative bank,
the khattri cooperative urban,0.9743895106236634
the kheda peoples coop bank,
the kodagu district coop central bank,0.9740535324541595
the kodinar taluka cooperative banking union,0.9891480664861378
the kodoli urban coop bank,
the kodungallur town co operative bank,0.975731180349671
the kodungallur town coopbank,
the kolar and chikballapura dist cooperative centr,
the kolhapur urban coop,0.9699269741911043
the kopargaon peoples co operative bank,
the kopargaon peoples coopbank,0.9749483275405371
the kosamba mercantile cooperative bank,0.9976391767075593
the kota central cooperative bank,0.9960495751645652
the kottakkal coop urban bank,
the kottakkal cooperative urban bank,0.9982811446683034
the krishna dist coop central bank,
the krishna district,0.9990406554436316
the krishnagar city cooperative bank,
the kukarwada nagarik sahakari bank,0.9845496752506983
the kumbakonam central cooperative bank,0.9779885698887472
the kumbakonam coop urban bank,
the kumta urban,
the kurukshetra central coop bank,
the lakhwad nagrik sahakari bank,
the lasalgaon merchants co op bank ltd lasalgaon,
the laxmi urban cooperative bank,
the limbasi urban coop bank,
the limdi urban coop bank ltd limdi,
the lunawada nagrik sahakari bank ltdlunawada,
the lunawada peoples co op bank ltdlunawada,
the lunawada peoples cooperative bank,0.9216720231235144
the madanapalle co operative town bank,
the magadh central cooperative bank ltd gaya,
the mahabaleshwar urban coop bank,
the mahanagar coop bank,
the maharaja cooperative urban bank,1.0
the maharashtra mantralaya and allied offices co operative bank,0.8891324923477033
the maharashtra state,0.9819541585197034
the mahaveer co operative bank,0.9580911315906079
the mahendergarh central,
the mahesh urban co op bank ltd parli,
the mahila urban co op bank ltd gondia,
the mahudha nagarik sahakari bank ltd mahudha,
the makarpura industrial estate coop bank,0.9659278382406852
the malad sahakari,0.9792938873390324
the malad sahakari bank,
the malappuram district cooperative bank,
the malegaon merchants co operative bank,0.6888669391194937
the malleswaram coop bank,
the malpur nagrik sahakari bank,1.0
the mandi urban co operative bank ltd mandi,
the mandvi mercantile coop bank,
the mandvi nagrik sahakari bank,0.9976387915485542
the mangaldai nagar sambai bank,
the mangalore catholic cooperative bank,
the manipur state co operative bank,
the manipur womens co operative bank,
the manjeri co operative urban bank,
the mansa central coop bank,1.0
the maratha cooperative bank ltd karnataka,-0.9999999999999998
the mattancherry mahajanik cooperative urban,
the mattancherry sarvajanik coop bank,-0.2157838150298583
the mayani urban co op bank ltd mayani,
the mayubhanj central,
the meghalaya cooperative apex bank,0.9948274488267685
the mehmadabad urban peoples co op bank,
the mehsana district central co op bank,0.9536766338196723
the mehsana jilla panchayat karmachari coop,
the mehsana nagarik sahakari,0.999066944462488
the merchants liberal co operative bank,
the merchants liberal cooperative bank ltd gadag,0.9650121959942851
the merchants souharda sahakara bank n,
the merchants souharda sahakara bank ni chitadurga,0.9577841587678241
the merchants urban co operative bank,
the mettupalayam cooperative urban bank,
the midnapore peoples cooperative bank,
the modasa nagarik sahakari,0.9844598679285186
the modasa nagrik sahakari bank,
the model coop bank,
the modern coop bank ltdchalisgaon,
the moga central co operative bank,1.0
the mudalagi cooperative bank ltd mudalagi,0.9314937553138299
the mugberia central co op bank,
the mulgund urban souharda co operative bank,
the mumbai mahanagarpalika shikshan vibhag sahakari bank,0.9456633206180983
the muncipal coopbank,
the municipal cooperative bank,0.9322669957164993
the muslim coop bank,
the muslim cooperative bank ltd pune,0.9899924976672927
the muvattupuzha urban,0.9934582420696998
the muvattupuzha urban cooperative bank,
the muzaffarpur central coop bank,
the mysore chamarajanagar dccb,
the mysore chamarajanagar dist coop cen bank,0.9998442112134897
the mysore merchants,
the mysore silk cloth merchants cooperative bank l,
the nabadwip cooperative credit,
the nadiad peoples coop bank,0.9943131922189677
the nagaland state,
the nagar sahakari bank ltd gorakhpur nagar nigam,
the nainital bank,0.9907879781399448
the nakodar hindu urban coop bank,
the nalanda central co op bank,
the nalgonda dist coop central bank,0.9922318128427974
the nalgonda district cooperative central bankltd,
the nanded merchant coop bank ltd nanded,
the nanded merchants coop bank,0.9729396928635974
the nandura urban coop bank ltd nandura,0.9638797103944379
the nandura urban cooperative bank,-1.0
the naroda nagarik sahakari,
the naroda nagrik co operative bank,0.9663457467240393
the nasik merchants coop bank,1.0
the nasik merchants cooperative bank,0.999196414641468
the nasik road deolali vyapari sahakari bank,0.9987387939681956
the national coopbank,
the national cooperative bank,0.996896082528898
the nav jeevan coop bank ltd njc,0.9919149082899568
the naval dockyard,0.9830228094886974
the naval dockyard coop bank,
the navnirman coop bank,
the navnirman cooperative bank,0.9751353181898481
the nawanagar co operative bank,0.9803380122378365
the nawnagar co op bank,
the ne ec railway employees multi state primary co,
the nellai nagar cooperative urban bank,
the new urban cooperative bank,0.023413791667435322
the new urban cooperative bank ltd rampur,0.984293334578293
the nilambur cooperative urban bank,
the nilgiris dist central coop,
the nizammabad dist co op central bank,
the ode urban co op bank,
the ojhar merchants coop,
the orissa state cooperative bank,
the pachhapur urban cooperative bank,
the pachora peoples cooperative bank,
the palayamkottai urban cooperative bank,
the palghat coop urban bank,
the pali central co operative,
the panchmahal district co operative bank,0.9814013190973676
the panchsheel mercantile coop bank,0.9843573727485417
the pandharpur urban coop bk,
the panipat central,
the panipat urban cooperative bank,0.9958347909036558
the patliputra central cooperative bank ltd patna,
the payangadi urban cooperative bank,
the payyanur co operative town bank ltd payyanur,0.9453204423140641
the payyanur coop town bank,
the payyoli cooperative urban bank,
the pij peoples coop bank,
the pioneer urban cooperative bank ltd karnataka,
the pollachi cooperative urban bank,
the ponani coop urban bank,
the postal and rms employees coop bank,
the pragati co op bank ltd thara,
the pragati urban co perative bank ltd manmad,
the prakasam district co operative central bankltd,
the pratap cooperative bank,0.9743977615890774
the prathamik shikshak sahakari bank ltdkolhapur,
the pritisangam sahakari bank ltd karad,
the proddatur cooperative town bank,
the pudukkottai district central coop bank,
the pune urban coop,
the punjab state cooperative bank,0.9910512262418815
the puri urban cooperative bank,0.2987743356999509
the puttur cooperative town,
the quilon cooperative urban bank,0.9089536749296329
the raddi sahakara bank niyamitha,
the raichur district central coop bank ltd raichur,0.9939348088641767
the raichur district central cooperative bank,-1.0
the raigad district co operative bank ltd alibag,0.9481264396320055
the railway employees cooperative bank,0.9673084292717941
the raipur urban mercantile co op bank,0.9686276414288578
the raj laxmi mahila urban cooperative bank jaipur,
the rajajinagar cooperative bank,0.9835288296346849
the rajapalayam coop urban bank,
the rajasthan state co operative bank,0.9807095089641249
the rajasthan state coop bank,
the rajkot commercial,0.9732726163642904
the rajputana mahila urban coop bank,
the ramanathapuram dist central coop bank,
the ranchi khunti central,
the rander peoples coop bank,0.9889687379942663
the randheja commercial coop bank,
the ranga reddy cooperative urban bank,
the ranuj nagrik sahakari bank,0.9936437362794145
the raver peoples coop bank ltd raver,
the rayat sevak,0.9745445514651223
the rayat sevak coop bank ltd satara,
the revdanda urban cooperative bank ltdrevdanda,
the rewari central co operative bank,
the sabarkantha dist cent coop bank,0.9096231193213051
the salem dist central coop bank,
the sambalpur district co op central bank,
the sangamithra co op urban bank,
the sangamner merchants co op,
the sangamner merchants co operative bank,0.9939737832235807
the sangli district primary teachers coop bank l,
the sangrur central coop bank,
the sankheda nagarik sahakari bankltd,0.8167894083199382
the santrampur urban co op bank,0.95653065704492
the santrampur urban co op bank ltd santrampur,
the sarangpur coop bank,
the sarangpur cooperative bank,0.980981977841399
the saraswat coop bank,
the sardargunj mercantile coop bank ltd patan,1.0
the sarvodaya nagrik sahkari bank,0.8710061295015448
the sarvodaya sahakari bank ltd modasa,0.9900774606700834
the sarvodaya sahkari bank,0.9995629668332146
the satana merchants co op bank ltd satana,
the satara district central coop bank ltd satara,0.9467668664796131
the satara sahakari bank,0.8636673745218673
the sathamba peoples cooperative bank,
the saurashtra cooperative bank,0.9779507023382267
the sawai madhopur kendriya sahakari bank,
the secundarabad mercantile co op urban bank,
the secunderabad co operative urban bank,
the sevalia urban coop bank,
the shahada peoples co op bank ltd shahada,
the shahada peoples coop bank,0.96449999353737
the shamrao vithal cooperative bank,0.997169072068308
the shedbal urban,
the shevapet urban coop,
the shihori nagarik sahakari bank,
the shillong coop urban bankltd,
the shimoga arecanut mandy merchant coop bank,
the shimoga district coop central bank,
the shirpur peoples coop bank,0.9975979659934081
the shoranur co operative urban bank,0.9983423239122223
the shoranur coop urban bank,
the sind co operative urban bank,
the sindgi urban coop bank,
the singhbhum district central,
the sinor nagrik sahakari bank ltd sinor,
the sircilla cooperative urban bank,
the sirohi central cooperative bank,0.7683426898392162
the sirsa central coop bnak,
the sirsi urban cooperative bank,1.0
the sirsi urban sahakari bank ltd sirsi,0.9899281586482445
the sivagangai district central co op bank,
the sivakasi cooperative urban bank limited tami,
the social coop bank,
the sonepat urban co op bank,
the south indian,0.9966794671952379
the srivilliputhur coop urban,
the ssk co operative bank,
the ssk coop bank,0.9404995925004231
the sultans battery coop urban,
the sultans battery cooperative urban bank,0.9960516121788007
the sundargarh district central cooperative bank l,
the surat district,0.9898214272383815
the surat mercantile coop bank,0.981185059124228
the sutex cooperative bank,0.99988485473676
the swarna cooperative urban bank,
the taliparamba coop urban bank,
the talod nagrik sahakari bank ltd talod,
the tamil nadu state apex co operative bank,0.9970241410669841
the tamilnadu industrial coop bank,
the taran taran central coop bank,
the thane dist central co op bank,0.8882361878844532
the tiruchirapalli city cooperative bank,
the tiruchirapalli dccb,
the tiruchirappalli district central cooperative bank,0.9944840456366819
the tirunelveli dist central coop,
the tirupati co operative,
the tirupati cooperative banklimited,0.9425430249582996
the tirupur coop urban bank,
the tiruthuraipundi coop urban bank,
the tiruvannamalai district central coop bank,0.9901499546264909
the town cooperative bank,
the town cooperative bank limited sira,
the trichur urban coop bank,
the tumkur district co operative central bank,1.0
the tura urban cooperative bank ltd tura meghalaya,
the udaipur central cooperative bank,0.934581747439656
the udaipur mahila urban coop bank,-0.0837409388193269
the udgir urban co operative bank ltd udgir,
the udupi cooperative town bank,0.5941001758231714
the umreth urban co op bank,
the umreth urban co operative bank,0.9503430370015702
the union,
the union co operative bank,0.9910558717554373
the union coop bank,
the united coop bank,
the united puri nimapara central co op bank,
the urban co op bank ltd rourkela,
the urban co operative bank,0.9981185639229926
the urban coop bank ltd dharangaon,0.9753961577754285
the urban coop bank ltd no perinthalmanna,0.9968200906027321
the urban cooperative bank limited anantnag,
the urban cooperative bank ltd maunath,
the urban cooperative bank ltd perinthalmana,
the urban cooperative bank shikaripur,
the utkal cooperative banking society,
the utkal grameen,
the uttar bihar gramin,
the uttarakhand state cooperative bank,
the uttarsanda peoples coop bank ltd uttarsanda,0.9570226230305756
the vaidynath urco op bank,
the vaish co operative new bank,0.9875077811175046
the vaish coop adarsh bank,
the vaishali district central cooerative bank,
the vallabh vidyanagar commercial cooperative bank,0.8246675409628652
the vallabha vidyanagar comm co op bank,
the valsad mahila nagrik sahakari bank,
the vani co operative urban bank,0.9976728651045177
the vani merchants co op bank ltdvani,
the vaniyambadi town coop bank,
the varachha coop bank,
the varachha coop bank ltd surat,0.9897836247772488
the vellore district central coop bank,
the vepar udhyog vikas sahakari bank,
the veraval mercantile cooperative bank,0.9899668134386187
the veraval peoples coop bank,0.9570618110191593
the vijapur nagrik sahakari abank ltdvijapur,
the vijay coop bank,
the vijayapura district central cooperative bank l,1.0
the vijayapura district central cooperative bank ltd vijayapura,0.9955838446759568
the villupuram district central coop bank,
the viramgam mercantile coop bank ltd viramgam,
the virudhunagar dist central coop bank,
the visakhapatnam cooperative bank,0.997129438136842
the vishakhapatnam,
the vishweshwar sahakari bank ltd pune,0.5305006631090884
the vita merchants coop bank,1.0
the vita urban co op bank ltd vita,
the vyankateshwara sahakari bank,
the waghodia urban coop bank,
the wai urban coop bank ltdsatara,
the warangal district coop central bank,
the warangal district cooperative central bank,0.9979106939221895
the wardha dist ashirwad mahila nagari sah,
the wardha nagari sahakari adhikosh,
the washim urban cooperative bank,0.27032871585133084
the west bengal state coop bank,0.9798543390691884
the yadagiri lakshmi narasimha swamy coop urban bank,0.9998033470439837
the yamuna nagar central cooperative bank,
the yaragatti urban co operative credit bank,
the yashwant coop bank ltd phaltan,
the yavatmal district central co op bank ltdyavat,
the yavatmal urban coop bank,
the yemmiganur co operative town bank,
the yeola merchants co operative bank ltd yeola,
the zila sahakari bank ltd haridwar,
the zoroastrian co operative bank,0.9828004641649105
thoothukudi dccb,
thoothukudi district central,0.9940037451179444
tirumala cooperative urban bankltd tcl,0.99878834051657
tirunelveli district central cooperative bank,0.9955832333406572
tirunelveli junction coop urban bank,
tirupati urban coop bank,
tirupati urban cooperative bank,0.9631746536969026
tiruvalla east coop bank,
tjsb sahakari bank,
transaction analysts india pvt,0.7408279357287402
transcorp international,0.5840912137929237
transerv,-0.36524763326456805
transport coop,
tri o tech solutions private,0.9998362889819399
trichengode coop urban bank,
tripura gramin,0.9924013021042051
tripura state co operative bank,0.7809982087016878
trivandrum urban,
tumkur grain merchants coop bank,0.9460058954868886
uco,0.99621117356738
udaipur mahila samrudhi urban coop bank,0.33398751789135317
udham singh nagar district cooperative bank,
udyam vikas sahakari bank ltdpune,
ujjain audhyogik vikas nagrik sahakari bank mydt,
ujjain nagarik sahakari bank maryaditujjain,
ujjain parspar sahakari bank,
ujjivan small finance,0.9915882515049302
ujjivan small finance bank,
uma coop bank,
umiya urban coop bank nagpur,
unimoni financial service pvt,0.9453444590170099
union bank credit card,
union bank of india,0.9990974650942009
unity small finance,0.7917310209448708
unity small finance bank,
universal cooperative urban bank,
unjha nagrik sahakari bank,0.999479521618075
up cooperative bank,0.998873676559827
up postal primary cooperative bank,
urban,
urban co operativa bank ltd siddharthnagar,0.9793716334047349
urban cooperative bank,0.5894046045564116
urban cooperative bank limited mainpuri,
urban cooperative bank ltd bareilly,0.843793156195214
urban cooperative bank ltd budaun,
utkarsh small finance,0.9886250786483325
uttar pradesh cooperative bank,0.9945969785995546
uttarakhand gramin,
uttarakhand gramin bank imps,0.9931164838612256
uttarbanga kshetriya gramin,
uttarkashi zila sehkari bank ltd uttarkashi,
uttrakhand coop bank,
vadnagar nagrik sahakari bank,
vaijanath appasaraf marathwada nagarisahakari,
vaikom urban coopbank,
vaish coop new bank ltd vnb,
vaishya nagari sahakari bank,0.9599949347405778
vaishya nagari sahakari bank ltd parbhani,
vakrangee,1.0
valmiki urban co operative bank ltd pathari,
valsad district central co operative bank,0.9755834800854704
valsad district central coop bank,
vani merchant coop,-1.0
vardhaman mahila co operative urban bank,0.9939937289383417
vardhaman mahila coop bank,
vasai janata sahakari bank,0.9105116758920557
vasai vikas sahakari,0.9919975563647312
vasai vikas sahakari bank,-0.4795529728808296
vasundhara mahila nagari sahakari bank ltd beed,0.05847292803195647
veerashaiva sahakari bank,-0.6594188328860843
vellore district central,0.994210286268743
veraval mer coop bank,
veraval peoples cooperative bank,
vidarbha merchants urban coop bank,-0.32408773796096385
vidharbha konkan gramin,
vidya sahakari bank,0.9899244387106254
vidyanand coop bank,
vidyasagar central co operative bank ltd midnapore,
vidyasagar central cooperative bank,0.9947771807034028
vijay commercial co operative bank,0.9872589231017999
vijay commercial coop,
vikas sahakari bk,
vikas souharda cooperative bank,0.9898508024665749
vikas urban co operative bank niyamitha,
vikramaditya nagrik sahakari,0.98637399886967
vilas cooperative bank ltd latur,0.9324465106151749
villupuram district central,0.9968091745923113
virajpet pattana sahakara bank niyamtha,
virudhunagar co operative urban bank,
virudhunagar district central,0.9979160629884474
vishwakalyan sahakara bank niyamit,
vishwas coop bank,
visl employees,
vivekanand nagrik sahakari bank maryadit shujalpur,
vyapari sahakari bank,
vyapari sahakari bank maryadit solapur,0.9749569355787925
vyaparik audhyogik sahakari,0.9859879015514399
vyavasayik evam audhyogik sahakari bank,
vyavsayik sahakari,
vyavsayik sahkari bank,0.970009877275853
wana nagrik sahakari bank,0.994275748267636
wana nagrik sahakari bank ltd hinganghat,
wani nagari sahakari bank ltd wani,
warangal urban coop bank,
warangal urban cooperative bank,0.9826851527603555
wardha zilla parishad employees urban coop,
wardhaman urban coop bank nagpur,
womens coop,
yadrav cooperative bank,0.9416951727977296
yadrav cooperative bank ltdyadrav,
yes,0.9303436033076684
yes bank,
yeshwant nagari sahakari bank,0.9944182094989688
yeshwant nagari sahakari bank ltd latur,
yeshwant urban co op bank ltd udgir,
youth development coop bank,
zila sahakari bank ltd bareilly,
zila sahakari bank ltd jhansi,
zila sahakari bank ltd lalitpur,
zila sahakari bank ltd meerut,
zila sahakari bank ltd unnao,
zila sahkari bank ltd bijnor,
zila sahkari bank ltd bulandshahr,
zila sahkari bank ltd kotdwara,
zila sahkari bank ltd lakhimpur kheri,0.9743440192883797
zila sahkari bank ltd mirzapur,
zila sahkari bank ltd moradabad,
zila sahkari bank shahjahanpur,
zoroastrian coop,
